<?xml version="1.0" encoding="UTF-8"?>
<root>
  <item name="androidx.enterprise.feedback.KeyedAppState int getSeverity()">
    <annotation name="androidx.annotation.IntDef">
      <val name="value" val="{androidx.enterprise.feedback.KeyedAppState.SEVERITY_INFO, androidx.enterprise.feedback.KeyedAppState.SEVERITY_ERROR}" />
    </annotation>
  </item>
  <item name="androidx.enterprise.feedback.KeyedAppState.KeyedAppStateBuilder androidx.enterprise.feedback.KeyedAppState.KeyedAppStateBuilder setSeverity(int) 0">
    <annotation name="androidx.annotation.IntDef">
      <val name="value" val="{androidx.enterprise.feedback.KeyedAppState.SEVERITY_INFO, androidx.enterprise.feedback.KeyedAppState.SEVERITY_ERROR}" />
    </annotation>
  </item>
  <item name="androidx.enterprise.feedback.ReceivedKeyedAppState.ReceivedKeyedAppStateBuilder androidx.enterprise.feedback.ReceivedKeyedAppState.ReceivedKeyedAppStateBuilder setSeverity(int) 0">
    <annotation name="androidx.annotation.IntDef">
      <val name="value" val="{androidx.enterprise.feedback.KeyedAppState.SEVERITY_INFO, androidx.enterprise.feedback.KeyedAppState.SEVERITY_ERROR}" />
    </annotation>
  </item>
</root>

